{
  "project_info": {
    "project_number": "714630048317",
    "project_id": "plate-app-95f79",
    "storage_bucket": "plate-app-95f79.appspot.com"
  },
  "client": [
    {
      "client_info": {
        "mobilesdk_app_id": "1:714630048317:android:66b2f0a912cb12e4689854",
        "android_client_info": {
          "package_name": "com.abdou.boucetta.plateapp"
        }
      },
      "oauth_client": [],
      "api_key": [
        {
          "current_key": "AIzaSyBdxAoTHK08W_j1JlOkn03LNKATKrJlqrM"
        }
      ],
      "services": {
        "appinvite_service": {
          "other_platform_oauth_client": []
        }
      }
    }
  ],
  "configuration_version": "1"
}